SourceElementKey,Latitude,Longitude,BlockfaceName,SideOfStreet,ParkingSpaceCount,PaidParkingArea
76034,-122.32722382,47.6050118,7TH AVE BETWEEN JAMES ST AND CHERRY ST,NE,6,First Hill
35881,-122.34168272,47.62632754,VALLEY ST BETWEEN DEXTER AVE N AND 8TH AVE N,N,15,South Lake Union
31297,-122.32906872,47.61018833,9TH AVE BETWEEN SENECA ST AND UNIVERSITY ST,SW,4,First Hill
11869,-122.32377268,47.60941799,MINOR AVE BETWEEN MARION ST AND MADISON ST,SW,5,First Hill
8393,-122.3399421,47.61756589,8TH AVE BETWEEN BLANCHARD ST AND BELL ST,SW,2,Denny Triangle
134101,-122.3201168,47.6169807,NAGLE PL BETWEEN E OLIVE ST AND E HOWELL ST,W,11,Capitol Hill
11882,-122.33286288,47.61908923,MINOR AVE N BETWEEN DENNY WAY AND JOHN ST,E,13,South Lake Union
8618,-122.33503151,47.61604516,9TH AVE BETWEEN STEWART ST AND VIRGINIA ST,NE,2,Denny Triangle
12685,-122.32969155,47.62515553,ROY ST BETWEEN DEAD END AND EASTLAKE AVE E,N,8,South Lake Union
76718,-122.3416596,47.6270675,ALOHA ST BETWEEN DEXTER AVE N AND 8TH AVE N,S,8,South Lake Union
80894,-122.33392949,47.61590837,STEWART ST BETWEEN 9TH AVE AND TERRY AVE,SE,5,Denny Triangle
10054,-122.34221647,47.62263094,DEXTER AVE N BETWEEN HARRISON ST AND REPUBLICAN ST,E,5,South Lake Union
12885,-122.33321852,47.61665383,STEWART ST BETWEEN TERRY AVE AND BOREN AVE,NW,5,Denny Triangle
81133,-122.33104579,47.62088727,THOMAS ST BETWEEN PONTIUS AVE N AND YALE AVE N,N,6,South Lake Union
9477,-122.3210662,47.62467789,BROADWAY E BETWEEN E MERCER ST AND E ROY E ST,W,8,Capitol Hill
76033,-122.32739887,47.60497388,7TH AVE BETWEEN JAMES ST AND CHERRY ST,SW,8,First Hill
55449,-122.32927427,47.62252079,EASTLAKE AVE E BETWEEN HARRISON ST AND REPUBLICAN ST,W,11,South Lake Union
8001,-122.33904518,47.61470705,6TH AVE BETWEEN VIRGINIA ST AND LENORA ST,SW,10,Denny Triangle
58646,-122.33351256,47.61799607,VIRGINIA ST BETWEEN BOREN AVE AND MINOR AVE,SE,3,Denny Triangle
35749,-122.33236774,47.62088111,THOMAS ST BETWEEN MINOR AVE N AND PONTIUS AVE N,N,7,South Lake Union
57874,-122.32979127,47.62308945,REPUBLICAN ST BETWEEN YALE AVE N AND EASTLAKE AVE E,S,8,South Lake Union
60182,-122.32156166,47.62102996,E THOMAS ST BETWEEN HARVARD AVE E AND BROADWAY E,S,5,Capitol Hill
33993,-122.33584596,47.61819376,LENORA ST BETWEEN TERRY AVE AND BOREN AVE,NW,7,Denny Triangle
32054,-122.32437474,47.61582123,BELMONT AVE BETWEEN E PINE ST AND E OLIVE ST,E,19,Capitol Hill
56074,-122.33912682,47.6219615,HARRISON ST BETWEEN 9TH AVE N AND WESTLAKE AVE N,S,6,South Lake Union
53805,-122.33644763,47.61672619,9TH AVE BETWEEN VIRGINIA ST AND LENORA ST,SW,6,Denny Triangle
35886,-122.33788753,47.62564186,VALLEY ST BETWEEN WESTLAKE AVE N AND TERRY AVE N,S,6,South Lake Union
35501,-122.32523539,47.61034248,SPRING ST BETWEEN BOREN AVE AND MINOR AVE,NW,7,First Hill
56353,-122.34169801,47.61980198,JOHN ST BETWEEN DEXTER AVE N AND 8TH AVE N,N,6,South Lake Union
57269,-122.32012756,47.6181567,NAGLE PL BETWEEN E HOWELL ST AND E DENNY WAY,W,5,Capitol Hill
54741,-122.32141642,47.62597214,BROADWAY E BETWEEN E ROY W ST AND E ALOHA ST,W,6,Capitol Hill
58222,-122.33566247,47.61456869,STEWART ST BETWEEN 7TH AVE AND 8TH AVE,SE,4,Denny Triangle
55641,-122.33443905,47.62261088,FAIRVIEW AVE N BETWEEN HARRISON ST AND REPUBLICAN ST,W,15,South Lake Union
80889,-122.33493627,47.61534249,STEWART ST BETWEEN 8TH AVE AND 9TH AVE,NW,4,Denny Triangle
8617,-122.33514821,47.61596122,9TH AVE BETWEEN STEWART ST AND VIRGINIA ST,SW,4,Denny Triangle
12546,-122.33511002,47.62313865,REPUBLICAN ST BETWEEN BOREN AVE N AND FAIRVIEW AVE N,S,7,South Lake Union
77562,-122.32255557,47.60739467,CHERRY ST BETWEEN BOREN AVE AND MINOR AVE,SE,11,First Hill
54737,-122.32104278,47.62369682,BROADWAY E BETWEEN E REPUBLICAN ST AND E MERCER ST,W,15,Capitol Hill
53433,-122.3408143,47.61689804,7TH AVE BETWEEN BLANCHARD ST AND BELL ST,SW,10,Denny Triangle
79025,-122.3390879,47.61977637,JOHN ST BETWEEN 9TH AVE N AND WESTLAKE AVE N,N,3,South Lake Union
33994,-122.3356497,47.61810045,LENORA ST BETWEEN TERRY AVE AND BOREN AVE,SE,10,Denny Triangle
8005,-122.34032614,47.6154538,6TH AVE BETWEEN LENORA ST AND BLANCHARD ST,SW,8,Denny Triangle
78937,-122.33105726,47.61655931,HOWELL ST BETWEEN BOREN AVE AND MINOR AVE,NW,5,Denny Triangle
36138,-122.33780668,47.61585223,WESTLAKE AVE BETWEEN 7TH AVE AND 8TH AVE,E,8,Denny Triangle
79658,-122.32827966,47.60696067,MARION ST BETWEEN 7TH AVE AND 8TH AVE,SE,8,First Hill
1589,-122.31696537,47.61587879,12TH AVE BETWEEN E PINE ST AND E OLIVE ST,W,10,Capitol Hill
13093,-122.32872707,47.61148793,TERRY AVE BETWEEN UNIVERSITY ST AND UNION ST,SW,10,First Hill
81205,-122.32548222,47.61222854,UNIVERSITY ST BETWEEN MINOR AVE AND SUMMIT AVE,NW,8,First Hill
1590,-122.31676244,47.61586659,12TH AVE BETWEEN E PINE ST AND E OLIVE ST,E,9,Capitol Hill
130799,-122.33777132,47.6247452,MERCER NR ST BETWEEN WESTLAKE AVE N AND TERRY AVE N,N,6,South Lake Union
54074,-122.33162869,47.62680437,ALOHA ST BETWEEN MINOR AVE N AND YALE AVE N,S,9,South Lake Union
34881,-122.33182921,47.62139227,PONTIUS AVE N BETWEEN THOMAS ST AND HARRISON ST,W,12,South Lake Union
76201,-122.34117019,47.62265882,8TH AVE N BETWEEN HARRISON ST AND REPUBLICAN ST,W,7,South Lake Union
77993,-122.34240192,47.63099759,DEXTER AVE N BETWEEN COMSTOCK ST AND LEE ST,W,9,South Lake Union
79886,-122.3263733,47.61247157,MINOR AVE BETWEEN UNIVERSITY ST AND UNION ST,NE,8,First Hill
36141,-122.33832365,47.61711289,WESTLAKE AVE BETWEEN LENORA ST AND BLANCHARD ST,W,8,Denny Triangle
81685,-122.33040332,47.61784105,YALE AVE BETWEEN HOWELL ST AND STEWART ST,SW,5,Denny Triangle
77265,-122.33599288,47.61912646,BOREN AVE N BETWEEN DENNY WAY AND JOHN ST,W,7,South Lake Union
54733,-122.32100027,47.62152987,BROADWAY E BETWEEN E THOMAS ST AND E HARRISON ST,W,11,Capitol Hill
8249,-122.33687047,47.6146276,7TH AVE BETWEEN STEWART ST AND VIRGINIA ST,SW,2,Denny Triangle
76198,-122.34098397,47.62032487,8TH AVE N BETWEEN JOHN ST AND THOMAS ST,E,3,South Lake Union
59246,-122.31892184,47.61871263,E DENNY WAY BETWEEN 10TH AVE E AND 11TH AVE,S,9,Capitol Hill
79362,-122.33913495,47.6154348,LENORA ST BETWEEN 6TH AVE AND 7TH AVE,SE,3,Denny Triangle
10886,-122.32203862,47.61584917,HARVARD AVE BETWEEN E PINE ST AND E OLIVE ST,E,12,Capitol Hill
13550,-122.33833669,47.62027694,WESTLAKE AVE N BETWEEN JOHN ST AND THOMAS ST,E,10,South Lake Union
35829,-122.3265659,47.61178165,UNIVERSITY ST BETWEEN BOREN AVE AND MINOR AVE,NW,5,First Hill
13313,-122.3370847,47.61544257,VIRGINIA ST BETWEEN 7TH AVE AND 8TH AVE,NW,3,Denny Triangle
12541,-122.33778176,47.62326711,REPUBLICAN ST BETWEEN WESTLAKE AVE N AND TERRY AVE N,N,2,South Lake Union
8626,-122.33958113,47.62609289,9TH AVE N BETWEEN ROY ST AND WESTLAKE AVE N,E,5,South Lake Union
79041,-122.3297911,47.61975161,JOHN ST BETWEEN YALE AVE N AND EASTLAKE AVE E,N,8,South Lake Union
35717,-122.32207604,47.60422151,TERRY AVE BETWEEN ALDER ST AND TERRACE ST,SW,7,First Hill
32258,-122.32064833,47.60984775,BROADWAY BETWEEN BOYLSTON AVE AND MARION ST,E,3,First Hill
76414,-122.32761973,47.60882741,9TH AVE BETWEEN MADISON ST AND SPRING ST,NE,7,First Hill
80742,-122.3269907,47.61045314,SENECA ST BETWEEN TERRY AVE AND BOREN AVE,SE,9,First Hill
58225,-122.3323523,47.61732776,STEWART ST BETWEEN BOREN AVE AND MINOR AVE,NW,7,Denny Triangle
58085,-122.32591296,47.61107791,SENECA ST BETWEEN BOREN AVE AND MINOR AVE,NW,3,First Hill
54729,-122.32093008,47.615854,BROADWAY BETWEEN E PINE ST AND XW E OLIVE ST,W,9,Capitol Hill
11782,-122.33659908,47.62447169,MERCER SR ST BETWEEN TERRY AVE N AND BOREN AVE N,S,4,South Lake Union
35526,-122.33652911,47.61390233,STEWART ST BETWEEN 6TH AVE AND 7TH AVE,SE,4,Denny Triangle
33146,-122.33419944,47.62024125,FAIRVIEW AVE N BETWEEN JOHN ST AND THOMAS ST,E,13,South Lake Union
80841,-122.32303774,47.61126475,SPRING ST BETWEEN SUMMIT AVE AND BOYLSTON AVE,NW,6,First Hill
55453,-122.32681868,47.63134595,EASTLAKE AVE E BETWEEN E NELSON PL AND FAIRVIEW AVE N,NW,22,South Lake Union
9478,-122.32083146,47.62464606,BROADWAY E BETWEEN E MERCER ST AND E ROY E ST,E,4,Capitol Hill
58193,-122.32643589,47.6098468,SPRING ST BETWEEN TERRY AVE AND BOREN AVE,NW,4,First Hill
35733,-122.33727883,47.61911578,TERRY AVE N BETWEEN DENNY WAY AND JOHN ST,W,9,South Lake Union
35890,-122.33166834,47.62591864,VALLEY ST BETWEEN MINOR AVE N AND YALE AVE N,S,9,South Lake Union
58421,-122.33726857,47.62262366,TERRY AVE N BETWEEN HARRISON ST AND REPUBLICAN ST,W,10,South Lake Union
32914,-122.34217596,47.63181807,DEXTER AVE N BETWEEN LEE ST AND GALER ST,E,11,South Lake Union
81242,-122.33666877,47.62564256,VALLEY ST BETWEEN TERRY AVE N AND LAKE UNION PARK ACCESS RD,S,6,South Lake Union
35202,-122.33110643,47.62305276,REPUBLICAN ST BETWEEN PONTIUS AVE N AND YALE AVE N,S,7,South Lake Union
56246,-122.32995858,47.6121682,HUBBELL PL BETWEEN 9TH AVE AND PIKE ST,E,10,First Hill
78781,-122.34302665,47.62214055,HARRISON ST BETWEEN AURORA AVE N AND DEXTER AVE N,N,6,South Lake Union
79890,-122.33001488,47.61645359,MINOR AVE BETWEEN OLIVE WAY AND HOWELL ST,NE,7,Denny Triangle
80946,-122.32382655,47.61137505,SUMMIT AVE BETWEEN SPRING ST AND SENECA ST,NE,6,First Hill
94602,-122.33364771,47.6267583,FAIRVIEW NR AVE N BETWEEN FAIRVIEW PL N AND ALOHA ST,SE,28,South Lake Union
81130,-122.34170543,47.62080932,THOMAS ST BETWEEN DEXTER AVE N AND 8TH AVE N,S,8,South Lake Union
10877,-122.32181013,47.61228667,HARVARD AVE BETWEEN SPRING ST AND SENECA ST,SW,7,First Hill
59166,-122.32002768,47.60799308,E CHERRY ST BETWEEN BROADWAY AND DEAD END,S,3,First Hill
11881,-122.33309008,47.61911051,MINOR AVE N BETWEEN DENNY WAY AND JOHN ST,W,7,South Lake Union
53125,-122.34164254,47.61624342,6TH AVE BETWEEN BLANCHARD ST AND BELL ST,SW,11,Denny Triangle
9461,-122.32092724,47.61694964,BROADWAY BETWEEN XW E OLIVE ST AND E HOWELL ST,W,12,Capitol Hill
13261,-122.34289167,47.62631903,VALLEY ST BETWEEN AURORA AVE N AND DEXTER AVE N,N,7,South Lake Union
58413,-122.32599167,47.6084865,TERRY AVE BETWEEN MARION ST AND MADISON ST,SW,3,First Hill
13798,-122.3304927,47.62465974,YALE AVE N BETWEEN MERCER ST AND DEAD END 1,E,8,South Lake Union
34482,-122.32492277,47.61091012,MINOR AVE BETWEEN SPRING ST AND SENECA ST,NE,9,First Hill
34505,-122.33309119,47.62139739,MINOR AVE N BETWEEN THOMAS ST AND HARRISON ST,W,13,South Lake Union
10874,-122.3404443,47.62196658,HARRISON ST BETWEEN 8TH AVE N AND 9TH AVE N,S,6,South Lake Union
79790,-122.32980982,47.62423318,MERCER ST BETWEEN YALE AVE N AND EASTLAKE AVE E,S,9,South Lake Union
34306,-122.32500871,47.60835777,MARION ST BETWEEN TERRY AVE AND BOREN AVE,SE,6,First Hill
80553,-122.33233929,47.62317542,REPUBLICAN ST BETWEEN MINOR AVE N AND PONTIUS AVE N,N,3,South Lake Union
35430,-122.32918411,47.60954538,SENECA ST BETWEEN 8TH AVE AND 9TH AVE,SE,5,First Hill
35530,-122.33135135,47.61789756,STEWART ST BETWEEN MINOR AVE AND YALE AVE,SE,7,Denny Triangle
80545,-122.34042507,47.62328513,REPUBLICAN ST BETWEEN 8TH AVE N AND 9TH AVE N,N,5,South Lake Union
80745,-122.32480955,47.61151365,SENECA ST BETWEEN MINOR AVE AND SUMMIT AVE,NW,4,First Hill
31313,-122.33986607,47.62144373,9TH AVE N BETWEEN THOMAS ST AND HARRISON ST,W,4,South Lake Union
82014,-122.32036323,47.62194122,E HARRISON ST BETWEEN BROADWAY E AND 10TH AVE E,S,4,Capitol Hill
56073,-122.33914567,47.62212606,HARRISON ST BETWEEN 9TH AVE N AND WESTLAKE AVE N,N,4,South Lake Union
79030,-122.33361665,47.61959484,JOHN ST BETWEEN FAIRVIEW AVE N AND MINOR AVE N,S,9,South Lake Union
53126,-122.34147132,47.61637161,6TH AVE BETWEEN BLANCHARD ST AND BELL ST,NE,11,Denny Triangle
32129,-122.33592998,47.62386321,BOREN AVE N BETWEEN REPUBLICAN ST AND MERCER SR ST,W,6,South Lake Union
55029,-122.3244191,47.60771806,COLUMBIA ST BETWEEN TERRY AVE AND BOREN AVE,NW,10,First Hill
77989,-122.3424091,47.63017123,DEXTER AVE N BETWEEN HIGHLAND DR AND COMSTOCK ST,W,5,South Lake Union
8242,-122.32786582,47.60573702,7TH AVE BETWEEN CHERRY ST AND COLUMBIA ST,NE,5,First Hill
12537,-122.34168168,47.62327882,REPUBLICAN ST BETWEEN DEXTER AVE N AND 8TH AVE N,N,6,South Lake Union
10869,-122.34169609,47.62213569,HARRISON ST BETWEEN DEXTER AVE N AND 8TH AVE N,N,5,South Lake Union
54722,-122.32063959,47.6121046,BROADWAY BETWEEN HARVARD AVE AND E UNION ST,E,7,First Hill
10801,-122.33109893,47.62203842,HARRISON ST BETWEEN PONTIUS AVE N AND YALE AVE N,N,5,South Lake Union
81114,-122.33663822,47.61816803,TERRY AVE BETWEEN LENORA ST AND DENNY WAY,NE,4,Denny Triangle
35429,-122.32922971,47.60968103,SENECA ST BETWEEN 8TH AVE AND 9TH AVE,NW,6,First Hill
9473,-122.32098799,47.62050882,BROADWAY E BETWEEN E OLIVE WAY AND E THOMAS ST,W,4,Capitol Hill
9462,-122.32072453,47.61695112,BROADWAY BETWEEN XW E OLIVE ST AND E HOWELL ST,E,5,Capitol Hill
77229,-122.3405162,47.61632966,BLANCHARD ST BETWEEN 6TH AVE AND 7TH AVE,NW,4,Denny Triangle
24417,-122.31831508,47.61813722,11TH AVE BETWEEN E HOWELL ST AND E DENNY WAY,W,29,Capitol Hill
77990,-122.34219059,47.63011566,DEXTER AVE N BETWEEN HIGHLAND DR AND COMSTOCK ST,E,6,South Lake Union
9469,-122.32096913,47.61932425,BROADWAY E BETWEEN E DENNY WAY AND E OLIVE WAY,W,9,Capitol Hill
8609,-122.32579968,47.60658808,9TH AVE BETWEEN CHERRY ST AND COLUMBIA ST,SW,4,First Hill
10802,-122.33105357,47.62190148,HARRISON ST BETWEEN PONTIUS AVE N AND YALE AVE N,S,6,South Lake Union
58194,-122.32630418,47.60977296,SPRING ST BETWEEN TERRY AVE AND BOREN AVE,SE,7,First Hill
12538,-122.34167861,47.62315819,REPUBLICAN ST BETWEEN DEXTER AVE N AND 8TH AVE N,S,4,South Lake Union
76434,-122.33966666,47.62261473,9TH AVE N BETWEEN HARRISON ST AND REPUBLICAN ST,E,10,South Lake Union
58574,-122.33517116,47.62564061,VALLEY ST BETWEEN BOREN AVE N AND FAIRVIEW AVE N,S,7,South Lake Union
56357,-122.33782845,47.61976598,JOHN ST BETWEEN WESTLAKE AVE N AND TERRY AVE N,N,3,South Lake Union
54730,-122.32070714,47.61585834,BROADWAY BETWEEN E PINE ST AND XW E OLIVE ST,E,10,Capitol Hill
9474,-122.32077305,47.62050766,BROADWAY E BETWEEN E OLIVE WAY AND E THOMAS ST,E,10,Capitol Hill
58182,-122.32961798,47.60839012,SPRING ST BETWEEN 7TH AVE AND 8TH AVE,SE,4,First Hill
79882,-122.32559852,47.61163327,MINOR AVE BETWEEN SENECA ST AND UNIVERSITY ST,NE,4,First Hill
12550,-122.3336516,47.62306687,REPUBLICAN ST BETWEEN FAIRVIEW AVE N AND MINOR AVE N,S,4,South Lake Union
57549,-122.33182337,47.62370101,PONTIUS AVE N BETWEEN REPUBLICAN ST AND MERCER ST,W,10,South Lake Union
35730,-122.33286034,47.61593642,TERRY AVE BETWEEN HOWELL ST AND STEWART ST,NE,5,Denny Triangle
79881,-122.32573646,47.61157561,MINOR AVE BETWEEN SENECA ST AND UNIVERSITY ST,SW,8,First Hill
32125,-122.33595638,47.6226007,BOREN AVE N BETWEEN HARRISON ST AND REPUBLICAN ST,W,20,South Lake Union
24409,-122.31827889,47.61587315,11TH AVE BETWEEN E PINE ST AND E OLIVE ST,W,22,Capitol Hill
33745,-122.33104118,47.61973548,JOHN ST BETWEEN PONTIUS E AVE N AND YALE AVE N,N,9,South Lake Union
58402,-122.32261022,47.60497317,TERRY AVE BETWEEN TERRACE ST AND JEFFERSON ST,NE,8,First Hill
34305,-122.32507698,47.60843237,MARION ST BETWEEN TERRY AVE AND BOREN AVE,NW,5,First Hill
94612,-122.33049132,47.62923993,FAIRVIEW NR AVE N BETWEEN YALE AVE N AND DEAD END,SE,23,South Lake Union
59945,-122.32158697,47.61997118,E OLIVE WAY BETWEEN HARVARD AVE E AND BROADWAY E,N,7,Capitol Hill
134965,-122.34219801,47.62928579,DEXTER AVE N BETWEEN PROSPECT ST AND HIGHLAND DR,E,7,South Lake Union
33746,-122.33109105,47.61959829,JOHN ST BETWEEN PONTIUS E AVE N AND YALE AVE N,S,6,South Lake Union
78065,-122.32926153,47.61818495,EASTLAKE AVE BETWEEN HOWELL ST AND DENNY LOWER WAY,W,3,Denny Triangle
53430,-122.33833527,47.61568744,7TH AVE BETWEEN WESTLAKE AVE AND LENORA ST,NE,6,Denny Triangle
55370,-122.3422468,47.61912951,DEXTER AVE N BETWEEN DENNY WAY AND JOHN ST,E,2,South Lake Union
13789,-122.33048815,47.61922926,YALE AVE N BETWEEN STEWART ST AND JOHN ST,W,10,South Lake Union
56358,-122.3378255,47.61963986,JOHN ST BETWEEN WESTLAKE AVE N AND TERRY AVE N,S,2,South Lake Union
58450,-122.33650374,47.62078412,THOMAS ST BETWEEN TERRY AVE N AND BOREN AVE N,S,7,South Lake Union
54610,-122.32340074,47.61256215,BOYLSTON AVE BETWEEN SENECA ST AND UNIVERSITY W ST,NE,7,First Hill
12542,-122.3377827,47.62314648,REPUBLICAN ST BETWEEN WESTLAKE AVE N AND TERRY AVE N,S,5,South Lake Union
58829,-122.3385976,47.61911756,WESTLAKE AVE N BETWEEN DENNY WAY AND JOHN ST,W,5,South Lake Union
58446,-122.33915414,47.62080537,THOMAS ST BETWEEN 9TH AVE N AND WESTLAKE AVE N,S,8,South Lake Union
79026,-122.33909112,47.61963382,JOHN ST BETWEEN 9TH AVE N AND WESTLAKE AVE N,S,7,South Lake Union
31593,-122.34036244,47.62720712,ALOHA ST BETWEEN 8TH AVE N AND 9TH AVE N,N,15,South Lake Union
79033,-122.33257278,47.61973707,JOHN ST BETWEEN MINOR AVE N AND PONTIUS E AVE N,N,9,South Lake Union
79778,-122.33917374,47.62446547,MERCER SR ST BETWEEN 9TH AVE N AND WESTLAKE AVE N,S,2,South Lake Union
32177,-122.32352842,47.61581966,BOYLSTON AVE BETWEEN E PINE ST AND E OLIVE ST,W,5,Capitol Hill
58453,-122.33361805,47.62089482,THOMAS ST BETWEEN FAIRVIEW AVE N AND MINOR AVE N,N,8,South Lake Union
34877,-122.33180157,47.62024096,PONTIUS AVE N BETWEEN JOHN E ST AND THOMAS ST,W,9,South Lake Union
32266,-122.32080973,47.62255516,BROADWAY E BETWEEN E HARRISON ST AND E REPUBLICAN ST,E,8,Capitol Hill
34518,-122.33247238,47.6264104,MINOR AVE N BETWEEN VALLEY ST AND ALOHA ST,E,10,South Lake Union
58197,-122.32416226,47.61080097,SPRING ST BETWEEN MINOR AVE AND SUMMIT AVE,NW,10,First Hill
57194,-122.3311435,47.61726292,MINOR AVE BETWEEN HOWELL ST AND STEWART ST,NE,8,Denny Triangle
77313,-122.32285409,47.61177526,BOYLSTON AVE BETWEEN SPRING ST AND SENECA ST,SW,8,First Hill
56690,-122.33838309,47.61602424,LENORA ST BETWEEN 7TH AVE AND 8TH AVE,SE,5,Denny Triangle
35822,-122.32873326,47.61073647,UNIVERSITY ST BETWEEN 9TH AVE AND TERRY AVE,SE,6,First Hill
58445,-122.33913076,47.62094236,THOMAS ST BETWEEN 9TH AVE N AND WESTLAKE AVE N,N,7,South Lake Union
32053,-122.32458536,47.61580362,BELMONT AVE BETWEEN E PINE ST AND E OLIVE ST,W,8,Capitol Hill
24413,-122.31829651,47.61696889,11TH AVE BETWEEN E OLIVE ST AND E HOWELL ST,W,31,Capitol Hill
30970,-122.33560622,47.61399229,7TH AVE BETWEEN OLIVE WAY AND STEWART ST,NE,6,Denny Triangle
8389,-122.33478081,47.61448278,8TH AVE BETWEEN OLIVE WAY AND STEWART ST,SW,6,Denny Triangle
12949,-122.32333449,47.61061816,SUMMIT AVE BETWEEN MADISON ST AND SPRING ST,SW,10,First Hill
81134,-122.33105113,47.62075019,THOMAS ST BETWEEN PONTIUS AVE N AND YALE AVE N,S,8,South Lake Union
81206,-122.32538017,47.61213261,UNIVERSITY ST BETWEEN MINOR AVE AND SUMMIT AVE,SE,10,First Hill
59038,-122.3303386,47.62254634,YALE AVE N BETWEEN HARRISON ST AND REPUBLICAN ST,E,10,South Lake Union
130802,-122.33650821,47.62473843,MERCER NR ST BETWEEN TERRY AVE N AND BOREN AVE N,N,5,South Lake Union
54734,-122.32078533,47.6215287,BROADWAY E BETWEEN E THOMAS ST AND E HARRISON ST,E,8,Capitol Hill
55454,-122.32657593,47.63127461,EASTLAKE AVE E BETWEEN E NELSON PL AND FAIRVIEW AVE N,SE,8,South Lake Union
35745,-122.33776217,47.62093987,THOMAS ST BETWEEN WESTLAKE AVE N AND TERRY AVE N,N,1,South Lake Union
79365,-122.33668489,47.61755058,LENORA ST BETWEEN 9TH AVE AND TERRY AVE,NW,5,Denny Triangle
55638,-122.33418976,47.62139099,FAIRVIEW AVE N BETWEEN THOMAS ST AND HARRISON ST,E,10,South Lake Union
76430,-122.33968445,47.62029437,9TH AVE N BETWEEN JOHN ST AND THOMAS ST,E,10,South Lake Union
56694,-122.33742376,47.61675811,LENORA ST BETWEEN 8TH AVE AND 9TH AVE,SE,1,Denny Triangle
81686,-122.33028852,47.61792977,YALE AVE BETWEEN HOWELL ST AND STEWART ST,NE,9,Denny Triangle
11138,-122.34052184,47.6196361,JOHN ST BETWEEN 8TH AVE N AND 9TH AVE N,S,21,South Lake Union
30702,-122.33655818,47.61340849,6TH AVE BETWEEN OLIVE WAY AND STEWART ST,NE,4,Denny Triangle
76197,-122.34118265,47.62032565,8TH AVE N BETWEEN JOHN ST AND THOMAS ST,W,25,South Lake Union
76193,-122.33732798,47.6160495,8TH AVE BETWEEN VIRGINIA ST AND WESTLAKE AVE,SW,6,Denny Triangle
76713,-122.34286784,47.62717661,ALOHA ST BETWEEN AURORA AVE N AND DEXTER AVE N,N,4,South Lake Union
53550,-122.34086055,47.62817888,8TH AVE N BETWEEN ALOHA ST AND WESTLAKE S AVE N,E,16,South Lake Union
31310,-122.33968381,47.61912274,9TH AVE N BETWEEN DENNY WAY AND JOHN ST,E,13,South Lake Union
81125,-122.34303031,47.62096077,THOMAS ST BETWEEN AURORA AVE N AND DEXTER AVE N,N,5,South Lake Union
76409,-122.32712961,47.60802033,9TH AVE BETWEEN MARION ST AND MADISON ST,SW,5,First Hill
54038,-122.32217322,47.60360867,ALDER ST BETWEEN 9TH AVE AND TERRY AVE,SE,6,First Hill
12770,-122.32359673,47.61186616,SENECA ST BETWEEN SUMMIT AVE AND BOYLSTON AVE,SE,7,First Hill
57190,-122.32168833,47.60734463,MINOR AVE BETWEEN JAMES ST AND CHERRY ST,NE,5,First Hill
77985,-122.34242449,47.62844616,DEXTER AVE N BETWEEN WARD ST AND PROSPECT ST,W,6,South Lake Union
24410,-122.31805976,47.61586246,11TH AVE BETWEEN E PINE ST AND E OLIVE ST,E,5,Capitol Hill
35198,-122.33653521,47.62313632,REPUBLICAN ST BETWEEN TERRY AVE N AND BOREN AVE N,S,4,South Lake Union
58422,-122.33702531,47.62261869,TERRY AVE N BETWEEN HARRISON ST AND REPUBLICAN ST,E,7,South Lake Union
9702,-122.32142554,47.60787279,CHERRY ST BETWEEN MINOR AVE AND BROADWAY,SE,5,First Hill
54410,-122.34007491,47.6182605,BELL ST BETWEEN 8TH AVE AND DENNY WAY,SE,4,Denny Triangle
34506,-122.33288439,47.62139794,MINOR AVE N BETWEEN THOMAS ST AND HARRISON ST,E,29,South Lake Union
58086,-122.32580847,47.61096366,SENECA ST BETWEEN BOREN AVE AND MINOR AVE,SE,4,First Hill
79657,-122.32842887,47.60705621,MARION ST BETWEEN 7TH AVE AND 8TH AVE,NW,4,First Hill
80842,-122.32295033,47.61116914,SPRING ST BETWEEN SUMMIT AVE AND BOYLSTON AVE,SE,9,First Hill
11870,-122.32361273,47.60948806,MINOR AVE BETWEEN MARION ST AND MADISON ST,NE,4,First Hill
54037,-122.32227056,47.603684,ALDER ST BETWEEN 9TH AVE AND TERRY AVE,NW,11,First Hill
8614,-122.3337482,47.61529696,9TH AVE BETWEEN HOWELL ST AND STEWART ST,NE,11,Denny Triangle
31302,-122.33766765,47.61759839,9TH AVE BETWEEN LENORA ST AND BLANCHARD ST,NE,6,Denny Triangle
120105,-122.32878566,47.629648,EASTLAKE AVE E BETWEEN PROSPECT ST AND E NELSON PL,NW,9,South Lake Union
35825,-122.32769663,47.6112925,UNIVERSITY ST BETWEEN TERRY AVE AND BOREN AVE,NW,7,First Hill
57198,-122.33290607,47.6237063,MINOR AVE N BETWEEN REPUBLICAN ST AND MERCER ST,E,10,South Lake Union
8397,-122.34102708,47.61824767,8TH AVE BETWEEN BELL ST AND DENNY WAY,SW,8,Denny Triangle
81117,-122.33723822,47.62389155,TERRY AVE N BETWEEN REPUBLICAN ST AND MERCER SR ST,W,15,South Lake Union
76058,-122.34172753,47.61769659,7TH AVE BETWEEN BELL ST AND DEXTER AVE,NE,4,Denny Triangle
8401,-122.34116298,47.6239067,8TH AVE N BETWEEN REPUBLICAN ST AND MERCER SR ST,W,11,South Lake Union
53810,-122.33965677,47.62387194,9TH AVE N BETWEEN REPUBLICAN ST AND MERCER SR ST,E,4,South Lake Union
32130,-122.33573119,47.62387342,BOREN AVE N BETWEEN REPUBLICAN ST AND MERCER SR ST,E,8,South Lake Union
12886,-122.33311921,47.61653071,STEWART ST BETWEEN TERRY AVE AND BOREN AVE,SE,6,Denny Triangle
10873,-122.34041259,47.62212546,HARRISON ST BETWEEN 8TH AVE N AND 9TH AVE N,N,5,South Lake Union
75785,-122.34407494,47.61769677,6TH AVE BETWEEN BATTERY ST AND WALL ST,SW,7,Denny Triangle
11786,-122.33108562,47.6242189,MERCER ST BETWEEN PONTIUS AVE N AND YALE AVE N,S,7,South Lake Union
59041,-122.33052061,47.62369625,YALE AVE N BETWEEN REPUBLICAN ST AND MERCER ST,W,15,South Lake Union
53549,-122.34111554,47.62820088,8TH AVE N BETWEEN ALOHA ST AND WESTLAKE S AVE N,W,24,South Lake Union
9470,-122.32075419,47.61932307,BROADWAY E BETWEEN E DENNY WAY AND E OLIVE WAY,E,12,Capitol Hill
13134,-122.34042534,47.62080468,THOMAS ST BETWEEN 8TH AVE N AND 9TH AVE N,S,7,South Lake Union
78073,-122.32928164,47.62369838,EASTLAKE AVE E BETWEEN REPUBLICAN ST AND MERCER ST,W,13,South Lake Union
53429,-122.33836153,47.61548441,7TH AVE BETWEEN WESTLAKE AVE AND LENORA ST,SW,4,Denny Triangle
76038,-122.32922007,47.60718833,7TH AVE BETWEEN MADISON ST OFF RP AND MADISON ST,NE,6,First Hill
32265,-122.32102062,47.62255637,BROADWAY E BETWEEN E HARRISON ST AND E REPUBLICAN ST,W,4,Capitol Hill
35889,-122.33168043,47.62602813,VALLEY ST BETWEEN MINOR AVE N AND YALE AVE N,N,1,South Lake Union
14770,-122.32036529,47.62308318,E REPUBLICAN ST BETWEEN BROADWAY E AND 10TH AVE E,S,6,Capitol Hill
13793,-122.33049346,47.62025648,YALE AVE N BETWEEN JOHN ST AND THOMAS ST,W,11,South Lake Union
35502,-122.3251578,47.61025244,SPRING ST BETWEEN BOREN AVE AND MINOR AVE,SE,4,First Hill
55030,-122.32435775,47.60764057,COLUMBIA ST BETWEEN TERRY AVE AND BOREN AVE,SE,5,First Hill
34509,-122.33309802,47.62256499,MINOR AVE N BETWEEN HARRISON ST AND REPUBLICAN ST,W,14,South Lake Union
36142,-122.33804739,47.61715715,WESTLAKE AVE BETWEEN LENORA ST AND BLANCHARD ST,E,8,Denny Triangle
32126,-122.33572918,47.62261492,BOREN AVE N BETWEEN HARRISON ST AND REPUBLICAN ST,E,10,South Lake Union
55025,-122.32553133,47.60726592,COLUMBIA ST BETWEEN 9TH AVE AND TERRY AVE,NW,7,First Hill
12950,-122.3231841,47.61067784,SUMMIT AVE BETWEEN MADISON ST AND SPRING ST,NE,9,First Hill
11874,-122.32429488,47.61021335,MINOR AVE BETWEEN MADISON ST AND SPRING ST,NE,5,First Hill
56362,-122.33618907,47.61966361,JOHN ST BETWEEN DEAD END AND BOREN AVE N,S,2,South Lake Union
12953,-122.32463043,47.61203512,SUMMIT AVE BETWEEN SENECA ST AND UNIVERSITY ST,SW,10,First Hill
130793,-122.34044917,47.62467469,MERCER NR ST BETWEEN 8TH AVE N AND 9TH AVE N,N,7,South Lake Union
11873,-122.32444208,47.61015018,MINOR AVE BETWEEN MADISON ST AND SPRING ST,SW,3,First Hill
80953,-122.32564569,47.61580147,SUMMIT AVE BETWEEN E PINE ST AND E OLIVE ST,W,6,Capitol Hill
12545,-122.33509668,47.6232647,REPUBLICAN ST BETWEEN BOREN AVE N AND FAIRVIEW AVE N,N,7,South Lake Union
8002,-122.3388561,47.61482832,6TH AVE BETWEEN VIRGINIA ST AND LENORA ST,NE,3,Denny Triangle
8406,-122.34090264,47.62666319,8TH AVE N BETWEEN VALLEY ST AND ALOHA ST,E,10,South Lake Union
76202,-122.3409512,47.62266064,8TH AVE N BETWEEN HARRISON ST AND REPUBLICAN ST,E,3,South Lake Union
13262,-122.34288677,47.62620934,VALLEY ST BETWEEN AURORA AVE N AND DEXTER AVE N,S,4,South Lake Union
13085,-122.32669044,47.60920979,TERRY AVE BETWEEN MADISON ST AND SPRING ST,SW,3,First Hill
81493,-122.33858071,47.62263115,WESTLAKE AVE N BETWEEN HARRISON ST AND REPUBLICAN ST,W,5,South Lake Union
13098,-122.33418299,47.61671369,TERRY AVE BETWEEN STEWART ST AND VIRGINIA ST,NE,5,Denny Triangle
78705,-122.33513202,47.62209926,HARRISON ST BETWEEN BOREN AVE N AND FAIRVIEW AVE N,N,8,South Lake Union
31058,-122.33591854,47.61540116,8TH AVE BETWEEN STEWART ST AND VIRGINIA ST,NE,6,Denny Triangle
56354,-122.34166097,47.61964009,JOHN ST BETWEEN DEXTER AVE N AND 8TH AVE N,S,19,South Lake Union
77986,-122.3422055,47.62844527,DEXTER AVE N BETWEEN WARD ST AND PROSPECT ST,E,11,South Lake Union
79885,-122.32652887,47.61240712,MINOR AVE BETWEEN UNIVERSITY ST AND UNION ST,SW,7,First Hill
58226,-122.33220713,47.6172401,STEWART ST BETWEEN BOREN AVE AND MINOR AVE,SE,9,Denny Triangle
58833,-122.33857409,47.62145672,WESTLAKE AVE N BETWEEN THOMAS ST AND HARRISON ST,W,5,South Lake Union
94677,-122.33269229,47.62749792,FAIRVIEW NR AVE N BETWEEN ALOHA ST AND WARD ST,SE,19,South Lake Union
36137,-122.3381161,47.61585754,WESTLAKE AVE BETWEEN 7TH AVE AND 8TH AVE,W,7,Denny Triangle
55637,-122.33444547,47.62143551,FAIRVIEW AVE N BETWEEN THOMAS ST AND HARRISON ST,W,16,South Lake Union
76410,-122.32695035,47.60809535,9TH AVE BETWEEN MARION ST AND MADISON ST,NE,3,First Hill
12957,-122.32520538,47.61267365,SUMMIT AVE BETWEEN UNIVERSITY ST AND E UNION ST,SW,6,First Hill
34510,-122.33288283,47.62251773,MINOR AVE N BETWEEN HARRISON ST AND REPUBLICAN ST,E,11,South Lake Union
76417,-122.32843867,47.60945231,9TH AVE BETWEEN SPRING ST AND SENECA ST,SW,5,First Hill
57202,-122.33246437,47.62554339,MINOR AVE N BETWEEN ROY ST AND VALLEY ST,E,9,South Lake Union
76721,-122.33007554,47.6269241,ALOHA ST BETWEEN YALE AVE N AND EASTLAKE AVE E,N,7,South Lake Union
76413,-122.32780118,47.60875479,9TH AVE BETWEEN MADISON ST AND SPRING ST,SW,7,First Hill
81113,-122.33683011,47.61814223,TERRY AVE BETWEEN LENORA ST AND DENNY WAY,SW,2,Denny Triangle
11669,-122.32616272,47.60797179,MARION ST BETWEEN 9TH AVE AND TERRY AVE,NW,7,First Hill
35201,-122.33109516,47.62318987,REPUBLICAN ST BETWEEN PONTIUS AVE N AND YALE AVE N,N,7,South Lake Union
7998,-122.33800086,47.61430793,6TH AVE BETWEEN WESTLAKE AVE AND VIRGINIA ST,NE,3,Denny Triangle
10165,-122.32936627,47.6273401,EASTLAKE AVE E BETWEEN ALOHA ST AND WARD ST,W,10,South Lake Union
56350,-122.34299759,47.61964815,JOHN ST BETWEEN 7TH NB AVE N AND DEXTER AVE N,S,4,South Lake Union
78069,-122.32925328,47.61913534,EASTLAKE AVE E BETWEEN DENNY LOWER WAY AND STEWART ST,W,16,South Lake Union
13790,-122.3303422,47.61923507,YALE AVE N BETWEEN STEWART ST AND JOHN ST,E,4,South Lake Union
76714,-122.34286858,47.62710533,ALOHA ST BETWEEN AURORA AVE N AND DEXTER AVE N,S,8,South Lake Union
94611,-122.33167587,47.62831225,FAIRVIEW NR AVE N BETWEEN WARD ST AND YALE AVE N,SE,27,South Lake Union
34878,-122.33157855,47.62024023,PONTIUS AVE N BETWEEN JOHN E ST AND THOMAS ST,E,7,South Lake Union
81497,-122.3391098,47.62621889,WESTLAKE AVE N BETWEEN VALLEY ST AND 9TH AVE N,SW,14,South Lake Union
11674,-122.3238706,47.60883396,MARION ST BETWEEN BOREN AVE AND MINOR AVE,SE,5,First Hill
11785,-122.33106904,47.62432312,MERCER ST BETWEEN PONTIUS AVE N AND YALE AVE N,N,8,South Lake Union
54073,-122.33160969,47.62691411,ALOHA ST BETWEEN MINOR AVE N AND YALE AVE N,N,10,South Lake Union
59042,-122.33035437,47.62369826,YALE AVE N BETWEEN REPUBLICAN ST AND MERCER ST,E,10,South Lake Union
13549,-122.33858807,47.62027929,WESTLAKE AVE N BETWEEN JOHN ST AND THOMAS ST,W,11,South Lake Union
58449,-122.33643178,47.62093462,THOMAS ST BETWEEN TERRY AVE N AND BOREN AVE N,N,3,South Lake Union
55373,-122.3425489,47.62030601,DEXTER AVE N BETWEEN JOHN ST AND THOMAS ST,W,5,South Lake Union
34502,-122.33287778,47.62025858,MINOR AVE N BETWEEN JOHN ST AND THOMAS ST,E,10,South Lake Union
8394,-122.33976022,47.61770236,8TH AVE BETWEEN BLANCHARD ST AND BELL ST,NE,3,Denny Triangle
12769,-122.32371785,47.61199602,SENECA ST BETWEEN SUMMIT AVE AND BOYLSTON AVE,NW,9,First Hill
56982,-122.32723738,47.60743217,MARION ST BETWEEN 8TH AVE AND 9TH AVE,SE,6,First Hill
56349,-122.34299816,47.61980442,JOHN ST BETWEEN 7TH NB AVE N AND DEXTER AVE N,N,3,South Lake Union
30705,-122.34494996,47.61820358,6TH AVE BETWEEN WALL ST AND DENNY WAY,SW,8,Denny Triangle
8402,-122.34093993,47.62390853,8TH AVE N BETWEEN REPUBLICAN ST AND MERCER SR ST,E,11,South Lake Union
35718,-122.32195506,47.60425599,TERRY AVE BETWEEN ALDER ST AND TERRACE ST,NE,9,First Hill
32554,-122.32659016,47.606704,COLUMBIA ST BETWEEN 8TH AVE AND 9TH AVE,SE,9,First Hill
54738,-122.32081137,47.62368073,BROADWAY E BETWEEN E REPUBLICAN ST AND E MERCER ST,E,5,Capitol Hill
13142,-122.3297844,47.62076448,THOMAS ST BETWEEN YALE AVE N AND EASTLAKE AVE E,S,4,South Lake Union
80890,-122.33481256,47.61522576,STEWART ST BETWEEN 8TH AVE AND 9TH AVE,SE,9,Denny Triangle
81198,-122.327372,47.61268211,UNION ST BETWEEN BOREN AVE AND MINOR AVE,SE,7,First Hill
77558,-122.32478402,47.60646959,CHERRY ST BETWEEN 9TH AVE AND TERRY AVE,SE,12,First Hill
57550,-122.33162048,47.62367967,PONTIUS AVE N BETWEEN REPUBLICAN ST AND MERCER ST,E,8,South Lake Union
75786,-122.34401361,47.61786447,6TH AVE BETWEEN BATTERY ST AND WALL ST,NE,6,Denny Triangle
79789,-122.32982852,47.62432634,MERCER ST BETWEEN YALE AVE N AND EASTLAKE AVE E,N,6,South Lake Union
53129,-122.34293648,47.61700881,6TH AVE BETWEEN BELL ST AND BATTERY ST,SW,9,Denny Triangle
8610,-122.32565947,47.60666928,9TH AVE BETWEEN CHERRY ST AND COLUMBIA ST,NE,7,First Hill
35506,-122.3218643,47.61163295,SPRING ST BETWEEN BOYLSTON AVE AND HARVARD AVE,SE,6,First Hill
54609,-122.32353318,47.61250368,BOYLSTON AVE BETWEEN SENECA ST AND UNIVERSITY W ST,SW,8,First Hill
58401,-122.32272057,47.60492706,TERRY AVE BETWEEN TERRACE ST AND JEFFERSON ST,SW,5,First Hill
9394,-122.33575104,47.62142529,BOREN AVE N BETWEEN THOMAS ST AND HARRISON ST,E,2,South Lake Union
31542,-122.32117725,47.60402508,ALDER ST BETWEEN TERRY AVE AND BROADWAY,SE,6,First Hill
13198,-122.32425866,47.61258563,UNIVERSITY ST BETWEEN SUMMIT AVE AND BOYLSTON W AVE,SE,13,First Hill
34481,-122.32507405,47.61084359,MINOR AVE BETWEEN SPRING ST AND SENECA ST,SW,6,First Hill
134961,-122.34243224,47.62757257,DEXTER AVE N BETWEEN ALOHA ST AND WARD ST,W,7,South Lake Union
13109,-122.33727797,47.62144907,TERRY AVE N BETWEEN THOMAS ST AND HARRISON ST,W,9,South Lake Union
32909,-122.34254292,47.62147136,DEXTER AVE N BETWEEN THOMAS ST AND HARRISON ST,W,4,South Lake Union
34501,-122.33308446,47.62023889,MINOR AVE N BETWEEN JOHN ST AND THOMAS ST,W,7,South Lake Union
8382,-122.32806872,47.60759861,8TH AVE BETWEEN MARION ST AND MADISON ST,NE,4,First Hill
56910,-122.32231995,47.61044274,MADISON ST BETWEEN SUMMIT AVE AND BOYLSTON AVE,SE,6,First Hill
56241,-122.3302179,47.61721619,HOWELL ST BETWEEN MINOR AVE AND YALE AVE,NW,5,Denny Triangle
80945,-122.32397401,47.61130695,SUMMIT AVE BETWEEN SPRING ST AND SENECA ST,SW,8,First Hill
35750,-122.33231236,47.62075516,THOMAS ST BETWEEN MINOR AVE N AND PONTIUS AVE N,S,4,South Lake Union
34569,-122.32009917,47.61586859,NAGLE PL BETWEEN E PINE ST AND E OLIVE ST,W,9,Capitol Hill
11673,-122.32393114,47.60890535,MARION ST BETWEEN BOREN AVE AND MINOR AVE,NW,4,First Hill
13794,-122.33031902,47.62024049,YALE AVE N BETWEEN JOHN ST AND THOMAS ST,E,8,South Lake Union
77618,-122.327653,47.60626271,COLUMBIA ST BETWEEN 7TH AVE AND 8TH AVE,SE,7,First Hill
32122,-122.33576039,47.62028326,BOREN AVE N BETWEEN JOHN ST AND THOMAS ST,E,9,South Lake Union
35434,-122.32804329,47.610029,SENECA ST BETWEEN 9TH AVE AND TERRY AVE,SE,5,First Hill
9697,-122.32379003,47.60700114,CHERRY ST BETWEEN TERRY AVE AND BOREN AVE,NW,11,First Hill
82362,-122.32039978,47.62420511,E MERCER ST BETWEEN BROADWAY E AND 10TH AVE E,S,5,Capitol Hill
80741,-122.32704785,47.61059363,SENECA ST BETWEEN TERRY AVE AND BOREN AVE,NW,6,First Hill
8622,-122.33879349,47.61827352,9TH AVE BETWEEN WESTLAKE AVE AND DENNY WAY,NE,1,Denny Triangle
121340,-122.33342324,47.62422099,MERCER ST BETWEEN MERCER SR ST AND MINOR AVE N,S,2,South Lake Union
77557,-122.32487277,47.60654852,CHERRY ST BETWEEN 9TH AVE AND TERRY AVE,NW,3,First Hill
76054,-122.33933279,47.6162881,7TH AVE BETWEEN LENORA ST AND BLANCHARD ST,NE,10,Denny Triangle
58409,-122.32404909,47.60636065,TERRY AVE BETWEEN JAMES ST AND CHERRY ST,SW,10,First Hill
55374,-122.34222454,47.620302,DEXTER AVE N BETWEEN JOHN ST AND THOMAS ST,E,6,South Lake Union
81246,-122.33348049,47.62587776,VALLEY ST BETWEEN FAIRVIEW AVE N AND MINOR AVE N,S,15,South Lake Union
13545,-122.33777839,47.61441774,WESTLAKE AVE BETWEEN 6TH AVE AND VIRGINIA ST,W,7,Denny Triangle
53806,-122.33632144,47.61680818,9TH AVE BETWEEN VIRGINIA ST AND LENORA ST,NE,6,Denny Triangle
13546,-122.33753687,47.61439763,WESTLAKE AVE BETWEEN 6TH AVE AND VIRGINIA ST,E,7,Denny Triangle
34885,-122.33181611,47.62251895,PONTIUS AVE N BETWEEN HARRISON ST AND REPUBLICAN ST,W,15,South Lake Union
8601,-122.32449968,47.60515148,9TH AVE BETWEEN JEFFERSON ST AND JAMES ST,SW,2,First Hill
134962,-122.34221309,47.62759084,DEXTER AVE N BETWEEN ALOHA ST AND WARD ST,E,4,South Lake Union
53434,-122.34062592,47.61704159,7TH AVE BETWEEN BLANCHARD ST AND BELL ST,NE,5,Denny Triangle
58198,-122.32407916,47.61069711,SPRING ST BETWEEN MINOR AVE AND SUMMIT AVE,SE,6,First Hill
58186,-122.3285232,47.60883822,SPRING ST BETWEEN 8TH AVE AND 9TH AVE,SE,8,First Hill
12682,-122.33344568,47.62507204,ROY ST BETWEEN FAIRVIEW AVE N AND MINOR AVE N,S,13,South Lake Union
10157,-122.32929908,47.62470623,EASTLAKE AVE E BETWEEN MERCER ST AND LAKEVIEW BLVD E,W,6,South Lake Union
82654,-122.32051138,47.62518096,E ROY ST BETWEEN BROADWAY E  E AND 10TH W AVE E,SE,3,Capitol Hill
76406,-122.32629794,47.60737724,9TH AVE BETWEEN COLUMBIA ST AND MARION ST,NE,8,First Hill
13170,-122.32852377,47.61219682,UNION ST BETWEEN TERRY AVE AND BOREN AVE,SE,8,First Hill
8369,-122.32627615,47.60543069,8TH AVE BETWEEN JAMES ST AND CHERRY ST,SW,3,First Hill
7997,-122.33798426,47.61409047,6TH AVE BETWEEN WESTLAKE AVE AND VIRGINIA ST,SW,5,Denny Triangle
77982,-122.34220881,47.62670217,DEXTER AVE N BETWEEN VALLEY ST AND ALOHA ST,E,2,South Lake Union
54606,-122.3214265,47.61039901,BOYLSTON AVE BETWEEN MARION ST AND MADISON ST,NE,5,First Hill
8405,-122.34114567,47.6266943,8TH AVE N BETWEEN VALLEY ST AND ALOHA ST,W,7,South Lake Union
33518,-122.33237107,47.6219051,HARRISON ST BETWEEN MINOR AVE N AND PONTIUS AVE N,S,9,South Lake Union
79029,-122.33362811,47.61973194,JOHN ST BETWEEN FAIRVIEW AVE N AND MINOR AVE N,N,7,South Lake Union
35821,-122.32882203,47.61081539,UNIVERSITY ST BETWEEN 9TH AVE AND TERRY AVE,NW,5,First Hill
35830,-122.3264665,47.61167817,UNIVERSITY ST BETWEEN BOREN AVE AND MINOR AVE,SE,5,First Hill
9393,-122.33595379,47.62142469,BOREN AVE N BETWEEN THOMAS ST AND HARRISON ST,W,3,South Lake Union
35706,-122.32173593,47.60477148,TERRACE ST BETWEEN TERRY AVE AND BOREN AVE,SE,5,First Hill
58454,-122.33364461,47.62074999,THOMAS ST BETWEEN FAIRVIEW AVE N AND MINOR AVE N,S,2,South Lake Union
9698,-122.32370126,47.60692222,CHERRY ST BETWEEN TERRY AVE AND BOREN AVE,SE,6,First Hill
35826,-122.3276113,47.61119925,UNIVERSITY ST BETWEEN TERRY AVE AND BOREN AVE,SE,6,First Hill
55377,-122.34251847,47.62379307,DEXTER AVE N BETWEEN REPUBLICAN ST AND MERCER ST,W,3,South Lake Union
13197,-122.32435978,47.6126884,UNIVERSITY ST BETWEEN SUMMIT AVE AND BOYLSTON W AVE,NW,6,First Hill
32910,-122.34221033,47.62148098,DEXTER AVE N BETWEEN THOMAS ST AND HARRISON ST,E,5,South Lake Union
80893,-122.33409844,47.61599014,STEWART ST BETWEEN 9TH AVE AND TERRY AVE,NW,2,Denny Triangle
76053,-122.33951498,47.61615546,7TH AVE BETWEEN LENORA ST AND BLANCHARD ST,SW,4,Denny Triangle
13105,-122.33727531,47.62027821,TERRY AVE N BETWEEN JOHN ST AND THOMAS ST,W,6,South Lake Union
13082,-122.32455178,47.60711941,TERRY AVE BETWEEN CHERRY ST AND COLUMBIA ST,NE,7,First Hill
81694,-122.33033703,47.62139895,YALE AVE N BETWEEN THOMAS ST AND HARRISON ST,E,11,South Lake Union
13110,-122.33705498,47.6214455,TERRY AVE N BETWEEN THOMAS ST AND HARRISON ST,E,3,South Lake Union
11670,-122.32610222,47.6079004,MARION ST BETWEEN 9TH AVE AND TERRY AVE,SE,11,First Hill
11126,-122.32240985,47.60548567,JEFFERSON ST BETWEEN TERRY AVE AND BOREN AVE,SE,10,First Hill
78933,-122.33191225,47.6158947,HOWELL ST BETWEEN TERRY AVE AND BOREN AVE,NW,9,Denny Triangle
58641,-122.335373,47.61676587,VIRGINIA ST BETWEEN 9TH AVE AND TERRY AVE,NW,4,Denny Triangle
10161,-122.32935349,47.62599666,EASTLAKE AVE E BETWEEN LAKEVIEW BLVD E AND ALOHA ST,W,10,South Lake Union
56082,-122.329809,47.62192424,HARRISON ST BETWEEN YALE AVE N AND EASTLAKE AVE E,S,10,South Lake Union
31062,-122.33869955,47.61706453,8TH AVE BETWEEN WESTLAKE AVE AND BLANCHARD ST,NE,4,Denny Triangle
78702,-122.33776987,47.62196471,HARRISON ST BETWEEN WESTLAKE AVE N AND TERRY AVE N,S,1,South Lake Union
11018,-122.33064935,47.61057752,HUBBELL PL BETWEEN UNIVERSITY ST AND 9TH AVE,E,13,First Hill
10870,-122.34169227,47.62197119,HARRISON ST BETWEEN DEXTER AVE N AND 8TH AVE N,S,4,South Lake Union
57193,-122.33125717,47.61717718,MINOR AVE BETWEEN HOWELL ST AND STEWART ST,SW,9,Denny Triangle
80954,-122.32543075,47.61579861,SUMMIT AVE BETWEEN E PINE ST AND E OLIVE ST,E,8,Capitol Hill
11778,-122.33783456,47.62446799,MERCER SR ST BETWEEN WESTLAKE AVE N AND TERRY AVE N,S,6,South Lake Union
33142,-122.33419318,47.61911853,FAIRVIEW AVE N BETWEEN DENNY WAY AND JOHN ST,E,3,South Lake Union
32466,-122.32700515,47.60553137,CHERRY ST BETWEEN 7TH AVE AND 8TH AVE,SE,6,First Hill
79785,-122.33239874,47.62431963,MERCER ST BETWEEN MINOR AVE N AND PONTIUS AVE N,N,4,South Lake Union
12549,-122.33362709,47.62318464,REPUBLICAN ST BETWEEN FAIRVIEW AVE N AND MINOR AVE N,N,3,South Lake Union
35197,-122.33651591,47.62326784,REPUBLICAN ST BETWEEN TERRY AVE N AND BOREN AVE N,N,8,South Lake Union
8374,-122.3267698,47.60618899,8TH AVE BETWEEN CHERRY ST AND COLUMBIA ST,NE,3,First Hill
57197,-122.33310076,47.62371398,MINOR AVE N BETWEEN REPUBLICAN ST AND MERCER ST,W,7,South Lake Union
80554,-122.33234469,47.62306574,REPUBLICAN ST BETWEEN MINOR AVE N AND PONTIUS AVE N,S,6,South Lake Union
81118,-122.33701541,47.62386337,TERRY AVE N BETWEEN REPUBLICAN ST AND MERCER SR ST,E,5,South Lake Union
55026,-122.32544003,47.60718161,COLUMBIA ST BETWEEN 9TH AVE AND TERRY AVE,SE,5,First Hill
10797,-122.33364073,47.62205537,HARRISON ST BETWEEN FAIRVIEW AVE N AND MINOR AVE N,N,4,South Lake Union
77126,-122.34168549,47.61701942,BELL ST BETWEEN 6TH AVE AND 7TH AVE,SE,5,Denny Triangle
57201,-122.33266709,47.62552645,MINOR AVE N BETWEEN ROY ST AND VALLEY ST,W,12,South Lake Union
55369,-122.34254683,47.61913275,DEXTER AVE N BETWEEN DENNY WAY AND JOHN ST,W,3,South Lake Union
33677,-122.329559,47.61771697,HOWELL ST BETWEEN YALE AVE AND EASTLAKE AVE,NW,4,Denny Triangle
11598,-122.32453442,47.6095135,MADISON ST BETWEEN BOREN AVE AND MINOR AVE,SE,8,First Hill
76186,-122.32941216,47.6090517,8TH AVE BETWEEN SPRING ST AND SENECA ST,NE,4,First Hill
32121,-122.33596324,47.62027032,BOREN AVE N BETWEEN JOHN ST AND THOMAS ST,W,2,South Lake Union
79034,-122.33261027,47.61959441,JOHN ST BETWEEN MINOR AVE N AND PONTIUS E AVE N,S,9,South Lake Union
80550,-122.33914163,47.62315969,REPUBLICAN ST BETWEEN 9TH AVE N AND WESTLAKE AVE N,S,4,South Lake Union
32262,-122.32064974,47.61063958,BROADWAY BETWEEN MARION ST AND MADISON ST,E,3,First Hill
79786,-122.33237992,47.62421002,MERCER ST BETWEEN MINOR AVE N AND PONTIUS AVE N,S,6,South Lake Union
30701,-122.33672396,47.61334209,6TH AVE BETWEEN OLIVE WAY AND STEWART ST,SW,2,Denny Triangle
35525,-122.33666037,47.61400074,STEWART ST BETWEEN 6TH AVE AND 7TH AVE,NW,6,Denny Triangle
8373,-122.32690423,47.60613272,8TH AVE BETWEEN CHERRY ST AND COLUMBIA ST,SW,2,First Hill
76405,-122.32646922,47.60730393,9TH AVE BETWEEN COLUMBIA ST AND MARION ST,SW,3,First Hill
33005,-122.32926393,47.62021914,EASTLAKE AVE E BETWEEN STEWART ST AND THOMAS ST,W,14,South Lake Union
58185,-122.32861357,47.60894226,SPRING ST BETWEEN 8TH AVE AND 9TH AVE,NW,10,First Hill
79042,-122.32987656,47.61960575,JOHN ST BETWEEN YALE AVE N AND EASTLAKE AVE E,S,7,South Lake Union
120102,-122.32938631,47.62823632,EASTLAKE AVE E BETWEEN WARD ST AND PROSPECT ST,W,8,South Lake Union
77994,-122.34218322,47.63096125,DEXTER AVE N BETWEEN COMSTOCK ST AND LEE ST,E,8,South Lake Union
32470,-122.32592436,47.60600256,CHERRY ST BETWEEN 8TH AVE AND 9TH AVE,SE,7,First Hill
120107,-122.32853909,47.62961418,EASTLAKE AVE E BETWEEN PROSPECT ST AND E NELSON PL,SE,3,South Lake Union
30974,-122.34296812,47.61832103,7TH AVE BETWEEN BATTERY ST AND DEAD END,NE,4,Denny Triangle
79578,-122.32566552,47.60904037,MADISON ST BETWEEN TERRY AVE AND BOREN AVE,SE,9,First Hill
58414,-122.32583857,47.60855364,TERRY AVE BETWEEN MARION ST AND MADISON ST,NE,2,First Hill
35438,-122.32245377,47.61236006,SENECA ST BETWEEN BOYLSTON AVE AND HARVARD AVE,SE,4,First Hill
80746,-122.32471144,47.6114064,SENECA ST BETWEEN MINOR AVE AND SUMMIT AVE,SE,7,First Hill
33673,-122.33279095,47.61522135,HOWELL ST BETWEEN 9TH AVE AND TERRY AVE,NW,9,Denny Triangle
34386,-122.34041685,47.62445789,MERCER SR ST BETWEEN 8TH AVE N AND 9TH AVE N,S,4,South Lake Union
35437,-122.32258678,47.61245254,SENECA ST BETWEEN BOYLSTON AVE AND HARVARD AVE,NW,5,First Hill
10153,-122.32922659,47.6213762,EASTLAKE AVE E BETWEEN THOMAS ST AND HARRISON ST,W,10,South Lake Union
35433,-122.32815042,47.61013569,SENECA ST BETWEEN 9TH AVE AND TERRY AVE,NW,3,First Hill
76398,-122.32239979,47.60310302,9TH AVE BETWEEN E FIR ST AND ALDER ST,NE,6,First Hill
79014,-122.32356438,47.60501562,JEFFERSON ST BETWEEN 9TH AVE AND TERRY AVE,SE,4,First Hill
33517,-122.3323618,47.62203391,HARRISON ST BETWEEN MINOR AVE N AND PONTIUS AVE N,N,6,South Lake Union
77262,-122.3348533,47.6182961,BOREN AVE BETWEEN FAIRVIEW AVE AND DENNY WAY,NE,4,Denny Triangle
35705,-122.32181773,47.6048662,TERRACE ST BETWEEN TERRY AVE AND BOREN AVE,NW,10,First Hill
34890,-122.3316418,47.62451506,PONTIUS AVE N BETWEEN MERCER ST AND DEAD END,E,1,South Lake Union
8370,-122.32612102,47.60549559,8TH AVE BETWEEN JAMES ST AND CHERRY ST,NE,8,First Hill
12954,-122.32449676,47.61209744,SUMMIT AVE BETWEEN SENECA ST AND UNIVERSITY ST,NE,9,First Hill
32849,-122.32979337,47.61857744,DENNY LOWER WAY BETWEEN STEWART ST AND EASTLAKE AVE,N,5,South Lake Union
76717,-122.34165854,47.62720457,ALOHA ST BETWEEN DEXTER AVE N AND 8TH AVE N,N,4,South Lake Union
31541,-122.32125908,47.60411979,ALDER ST BETWEEN TERRY AVE AND BROADWAY,NW,4,First Hill
8377,-122.32755118,47.60684502,8TH AVE BETWEEN COLUMBIA ST AND MARION ST,SW,10,First Hill
76042,-122.32985799,47.60788056,7TH AVE BETWEEN MADISON ST AND SPRING ST,NE,7,First Hill
13138,-122.33510817,47.62078405,THOMAS ST BETWEEN BOREN AVE N AND FAIRVIEW AVE N,S,10,South Lake Union
81105,-122.32270131,47.60449698,TERRACE ST BETWEEN DEAD END 2 AND TERRY AVE,NW,5,First Hill
34489,-122.33256888,47.6179534,MINOR AVE BETWEEN STEWART ST AND VIRGINIA ST,SW,11,Denny Triangle
14601,-122.32724705,47.63047675,E NELSON PL BETWEEN EASTLAKE AVE E AND DEAD END,NE,3,South Lake Union
11594,-122.32676193,47.60857537,MADISON ST BETWEEN 9TH AVE AND TERRY AVE,SE,6,First Hill
11590,-122.32789226,47.60809623,MADISON ST BETWEEN 8TH AVE AND 9TH AVE,SE,4,First Hill
77266,-122.33574965,47.61912006,BOREN AVE N BETWEEN DENNY WAY AND JOHN ST,E,6,South Lake Union
